Column1	npu	freq	description	kind_of_property	unit	americanized	omop	omop label	additional computations	justification
1	NPU03429	80028637	Sodium ion in Plasma 	substance concentration	millimole per litre	millimole per liter	8753	mmol/L		
2	NPU02319	77294306	Haemoglobin in Blood 	substance concentration	millimole per litre	millimole per liter	8753	mmol/L		
3	NPU03230	76939144	Potassium ion in Plasma 	substance concentration	millimole per litre	millimole per liter	8753	mmol/L		
4	NPU02593	65084833	Leukocytes in Blood 	number concentration	10<sup>9</sup> per litre	billion cells per liter	44777588	10*9.{cellls}/L		
5	DNK35302	59994505	Glomerular filtration; in Kidney	flow rate(SA.=1.73 m²)	millilitre per minute	milliliter per minute	8795	mL/min		
6	NPU19651	56816507	Alanine transaminase in Plasma 	catalytic-activity concentration	Unit per litre	Unit per liter	8645	[U]/L		
7	NPU03568	55398587	Thrombocytes in Blood 	number concentration	10<sup>9</sup> per litre	billion cells per liter	44777588	10*9.{cellls}/L		
8	DNK35312	54541927	Severe acute respiratory syndrome coronavirus 2; in RNA	arbitrary concentration 		0	45884084	positive		See under Svar in https://www.ssi.dk/produkter-og-ydelser/diagnostik/diagnostiskhaandbog/s/2070
9	NPU19748	53579794	C-reactive protein in Plasma 	mass concentration	milligram per litre	milligram per liter	8751	mg/L		
10	NPU18016	50587246	Creatininium in Plasma 	substance concentration	micromole per litre (umol/L)	micromole per liter	8749	umol/L		https://athena.ohdsi.org/search-terms/terms/8749
11	NPU19673	48130251	 Albumin in Plasma	mass concentration	gram per litre (g/L)	gram per liter	8636	g/L		https://athena.ohdsi.org/search-terms/terms/8636
12	NPU02636	38241931	Lymphocytes in Blood 	number concentration	10<sup>9</sup> per litre	billion cells per liter	44777588	10*9.{cellls}/L		
13	NPU02840	37806728	Monocytes in Blood 	number concentration	10<sup>9</sup> per litre	billion cells per liter	44777588	10*9.{cellls}/L		
14	NPU01349	37783817	Basophilocytes in Blood 		10<sup>9</sup> per litre	billion cells per liter	44777588	10*9.{cellls}/L		
15	NPU04998	36355217	Creatininium in Plasma 	substance concentration	micromole per litre (umol/L)	micromole per liter	8749	umol/L		
16	NPU27783	32190013	Alkaline phosphatase in Plasma 	catalytic-activity concentration	Unit per litre	Unit per liter	8645	[U]/L		
17	NPU01370	31726941	Bilirubins in Plasma 	substance concentration	micromole per litre (umol/L)	micromole per liter	8749	umol/L		
18	NPU26631	30901016	Metamyelocytes+Myelocytes+Promyelocytes in Blood 	number concentration	10<sup>9</sup> per litre	billion cells per liter	44777588	10*9.{cellls}/L		
19	NPU27300	29437417	N-(1-deoxyfructos-1-yl)haemoglobin beta chain in Haemoglobin beta chain Blood	substance fraction	millimole per mole	millimole per mole	9579	mmol/mol		
20	NPU02902	29222178	Neutrophilocytes in Blood 	number concentration	10<sup>9</sup> per litre	billion cells per liter	44777588	10*9.{cellls}/L		
21	NPU03577	28700446	Thyrotropin in Plasma 	arbitrary substance concentration	10<sup>-3</sup>  arbitrary unit per litre	10<sup>-3</sup>arbitrary unit per liter	44777561	[arb'U]/L		
22	NPU27412	28180316	Glucose in Plasma 	substance concentration	millimole per litre	millimole per liter	8753	mmol/L		
23	NPU01933	27274556	Eosinophilocytes in Blood 	number concentration	10<sup>9</sup> per litre	billion cells per liter	44777588	10*9.{cellls}/L		
24	NPU01566	26607359	Cholesterol+ester in Plasma 	substance concentration	millimole per litre	millimole per liter	8753	mmol/L		
25	NPU01567	25769393	Cholesterol+ester; in HDL in Plasma 	substance concentration	millimole per litre	millimole per liter	8753	mmol/L		
26	NPU01459	24257260	Carbamide in Plasma 	substance concentration	millimole per litre	millimole per liter	8753	mmol/L		
27	NPU01944	22545378	Erythrocytes in Blood 	entitic volume	femtolitre	femtoliter	8583	fL		https://www.gentoftehospital.dk/afdelinger-og-klinikker/klinisk-biokemisk-afdeling/metodeblade/E/Erytrocytvol.Middel%20[MCV]%20(Blod).pdf
28	NPU04094	21863547	Triglyceride in Plasma 	substance concentration	millimole per litre	millimole per liter	8753	mmol/L		
29	NPU19658	21641056	L-Lactate dehydrogenase in Plasma 	catalytic-activity concentration	Unit per litre	Unit per liter	8645	[U]/L		
30	DNK35131	21259063	Glomerular filtration; in Kidney	flow rate(SA.=1.73 m²)	millilitre per minute	milliliter per minute	8795	mL/min		
31	NPU01685	21057959	Coagulation; tissue factor-induced in Plasma 	relative time		0	8523	{ratio}		Ratio: INR (International Normalized Ratio) is a standardized measurement used to assess the clotting tendency of blood.https://www.gentoftehospital.dk/afdelinger-og-klinikker/klinisk-biokemisk-afdeling/metodeblade/K/Koagulationsfaktor%20II+VII+X%20[INR]%20(Plasma).pdf
32	NPU01961	18444453	Erythrocytes in Blood 	volume fraction		0	8554	%		% (Percentage): Hematocrit is typically expressed as a percentage (%)https://www.gentoftehospital.dk/afdelinger-og-klinikker/klinisk-biokemisk-afdeling/metodeblade/E/Erytrocytter-volfr-(Blod).pdfafdeling/metodeblade/E/Erytrocytter-volfr-(Blod).pdf
33	NPU01568	17985066	Cholesterol+ester; in LDL in Plasma 	substance concentration	millimole per litre	millimole per liter	8753	mmol/L		
34	NPU01443	16474947	Calcium in Plasma 	substance concentration	millimole per litre	millimole per liter	8753	mmol/L		
35	NPU02321	15027416	Haemoglobin in Erythrocytes Blood	substance concentration	millimole per litre	millimole per liter	8753	mmol/L		
36	NPU01700	14959050	Cobalamin in Plasma 	substance concentration	picomole per litre	picomole per liter	8729	pmol/L		
37	NPU01960	13326636	Erythrocytes in Blood 	number concentration	10<sup>12</sup> per litre	10<sup>12</sup> per liter	8734	10*12/L		https://athena.ohdsi.org/search-terms/terms/8734
38	NPU02192	13278085	Glucose in Plasma 	substance concentration	millimole per litre	millimole per liter	8753	mmol/L		
39	NPU04144	12481572	Calcium ion in Plasma 	substance concentration	millimole per litre	millimole per liter	8753	mmol/L		
40	NPU28172	12235637	Neutrophilocytes in Blood 	number concentration	10<sup>9</sup> per litre	billion cells per liter	44777588	10*9.{cellls}/L		
41	NPU19657	11184135	gamma-Glutamyltransferase in Plasma 	catalytic-activity concentration	Unit per litre	Unit per liter	8645	[U]/L		
42	NPU18282	10653402	Eosinophilocytes in Blood 	number concentration	10<sup>9</sup> per litre	billion cells per liter	44777588	10*9.{cellls}/L		
43	NPU10267	10481866	Calcifediol+25-Hydroxyergocalciferol in Plasma 	substance concentration	nanomole per litre	nanomole per liter	8736	nmol/L		
44	NPU19763	10155231	Ferritin in Plasma 	mass concentration	microgram per litre	microgram per liter	8748	ug/L		https://athena.ohdsi.org/search-terms/terms/8748
45	NPU19653	9854718	Amylase; pancreatic type in Plasma 	catalytic-activity concentration	Unit per litre	Unit per liter	8645	[U]/L		
46	NPU53077	9348133	Alkaline phosphatase in Plasma 	catalytic-activity concentration	Unit per litre	Unit per liter	8645	[U]/L		
47	NPU02320	8680192	Haemoglobin in Erythrocytes Blood	entitic amount-of-substance	femtomole	femtomole	9498	fmol		
48	NPU01470	8586685	Carbon dioxide in Plasma arterial Blood	gas tension	kilopascal	kilopascal	44777602	kPa		
49	NPU12474	8565701	Hydrogen ion in Plasma arterial Blood	pH		0	8482	pH		pH in the blood. According to:https://www.analysefortegnelsen.dk/analyselistezoom.asp?Type=Andre&Lok=AUH&ID=NPU12474
50	NPU03011	8555157	Oxygen in Haemoglobin Fe, O<sub>2</sub>-binding, arterial Blood	saturation		0	8581		{hb}		Hb(aB)-Oxygen (O2) saturation: according to: https://www.analysefortegnelsen.dk/analyselistezoom.asp?Type=Andre&Lok=AUH&ID=NPU03011
51	NPU08977	8554712	Oxygen in Plasma arterial Blood	gas tension	kilopascal	kilopascal	44777602	kPa		
52	NPU02508	8341048	Iron in Plasma 	substance concentration	micromole per litre	micromole per liter	8749	umol/L		
53	NPU03688	8080769	Urate in Plasma 	substance concentration	millimole per litre	millimole per liter	8753	mmol/L		
54	NPU03943	7985329	Lactate in Plasma arterial Blood	substance concentration	millimole per litre	millimole per liter	8753	mmol/L		
55	NPU18162	7687214	Erythrocyte volumes in Erythrocytes Blood	relative distribution width		0	8554	%		% (Percentage) Erythrocyte Distribution Width (RDW) is typically expressed as a percentage (%). Source: https://www.analysefortegnelsen.dk/analyselistezoom.asp?Type=Praksis&Lok=AUH&ID=NPU18162
56	NPU18878	7656638	Coagulation; tissue factor-induced in Plasma 	arbitrary substance concentration	(procedure defined unit)	(procedure defined unit)	8523	{ratio}		result is a ratio according to  https://www.gentoftehospital.dk/afdelinger-og-klinikker/klinisk-biokemisk-afdeling/metodeblade/K/Koagulationsfaktor%20II-VII-X%20(Plasma).pdf
57	NPU03096	7437337	Phosphate(P, inorganic) in Plasma 	substance concentration	millimole per litre	millimole per liter	8753	mmol/L		
58	NPU09102	7254266	Creatininium in Urine 	substance concentration	millimole per litre	millimole per liter	8753	mmol/L		
59	NPU19677	7251526	 Albumin in Urine	mass concentration	milligram per litre	milligram per liter	8751	mg/L		
60	NPU19661	7200682	Albumin/Creatininium in Urine 	mass ratio	10<sup>-3</sup>	10<sup>-3</sup>	9364	[mil_i]		https://athena.ohdsi.org/search-terms/terms/9364
61	NPU19652	6755774	Amylase in Plasma 	catalytic-activity concentration	Unit per litre	Unit per liter	8645	[U]/L		
62	NPU03579	6610054	Thyroxine in Plasma 	substance concentration	picomole per litre	picomole per liter	8729	pmol/L		
63	NPU08694	6313116	Reticulocytes in Blood 	number concentration	10<sup>9</sup> per litre	billion cells per liter	44777588	10*9.{cellls}/L		
64	NPU02647	6181884	Magnesium in Plasma 	substance concentration	millimole per litre	millimole per liter	8753	mmol/L		
65	NPU19656	5960377	Creatine kinase in Plasma 	catalytic-activity concentration	Unit per litre	Unit per liter	8645	[U]/L		
66	NPU04169	5868309	Calcium in Plasma 	substance concentration	millimole per litre	millimole per liter	8753	mmol/L		
67	NPU21533	5630585	Glucose in Plasma arterial Blood	substance concentration	millimole per litre	millimole per liter	8753	mmol/L		
68	NPU01472	5620690	Carbon dioxide in Plasma venous Blood	substance concentration	millimole per litre	millimole per liter	8753	mmol/L		
69	NPU02070	5531521	Folate in Plasma 	substance concentration	nanomole per litre	nanomole per liter	8736	nmol/L		
70	NPU19655	5472644	Alkaline phosphatase in Plasma 	catalytic-activity concentration	Unit per litre	Unit per liter	8645	[U]/L		
71	DNK35308	5281686	Cholesterol+ester; in LDL in Plasma 	substance concentration	millimole per litre	millimole per liter	8753	mmol/L		
72	NPU01435	4721268	Calcifediol in Plasma 	substance concentration	nanomole per litre	nanomole per liter	8736	nmol/L		
73	NPU03620	4704551	Triglyceride in Plasma fasting Patient	substance concentration	millimole per litre	millimole per liter	8753	mmol/L		
74	NPU04191	4676299	Iron in Transferrin Iron binding sites, Plasma	substance fraction		0	8554	%		% (Percentage). The measured value forTransferrin saturation according to https://www.analysefortegnelsen.dk/AnalyselisteZoom.asp?Type=&Lok=HEH&ID=NPU04191
75	NPU03815	4561709	Base excess in Extracellular fluid 	substance concentration	millimole per litre	millimole per liter	8753	mmol/L		
76	NPU03624	4511607	Triiodothyronine in Plasma 	substance concentration	nanomole per litre	nanomole per liter	8736	nmol/L		
77	NPU14267	4427176	Large unstained cells in Blood 	number concentration	10<sup>9</sup> per litre	billion cells per liter	44777588	10*9.{cellls}/L		
78	NPU22089	4427148	Glucose in Plasma capillary Blood	substance concentration	millimole per litre	millimole per liter	8753	mmol/L		
79	NPU29057	4356406	Haemoglobin in Faeces 	arbitrary substance concentration	(procedure defined unit)	(procedure defined unit)	8748	ug/L		https://labportal.rh.dk/LabPortal.asp?Mode=View&Id=2301 and https://www.gentoftehospital.dk/afdelinger-og-klinikker/klinisk-biokemisk-afdeling/metodeblade/H/H%C3%A6moglobin%20(F%C3%A6ces).pdf
80	NPU03607	4045416	Transferrin in Plasma 	substance concentration	micromole per litre	micromole per liter	8749	umol/L		
81	NPU03578	4025118	Thyroxine in Plasma 	substance concentration	nanomole per litre	nanomole per liter	8736	nmol/L		
82	NPU01569	3434831	Cholesterol+ester; in VLDL in Plasma 	substance concentration	millimole per litre	millimole per liter	8753	mmol/L		
83	NPU08669	3406065	Prostate-specific antigen in Plasma 	mass concentration	microgram per litre	microgram per liter	8748	ug/L		
84	NPU03013	3342601	Oxyhaemoglobin in Haemoglobin Fe, total, arterial Blood	substance fraction		0	8737	%{of'HGB}		%{of'HGB} According to: https://www.gentoftehospital.dk/afdelinger-og-klinikker/klinisk-biokemisk-afdeling/metodeblade/O/Oxyh%C3%A6moglobin%20(ABL)%20(Blod).pdf
85	NPU03028	3253629	Parathyroid hormone in Plasma 	substance concentration	picomole per litre	picomole per liter	8729	pmol/L		
86	NPU19795	3117020	Immunoglobulin A in Plasma 	mass concentration	gram per litre	gram per liter	8636	g/L		
87	NPU19814	2991310	Immunoglobulin G in Plasma 	mass concentration	gram per litre	gram per liter	8636	g/L		
88	NPU04207	2831025	Glucose in Urine 	arbitrary concentration		0	8753	mmol/L		mmol/L according to: https://www.analysefortegnelsen.dk/AnalyselisteZoom.asp?Type=&Lok=&ID=NPU04207
89	NPU02410	2811691	Hydrogen carbonate in Plasma 	substance concentration	millimole per litre	millimole per liter	8753	mmol/L		
90	NPU01682	2715748	Coagulation; surface-induced in Plasma 	time	second	second	8555	s		
91	NPU10504	2707609	Acetoacetate in Urine 	arbitrary concentration		0	8753	mmol/L	convert to mmoL per liter using this table: https://www.analysefortegnelsen.dk/analyselistezoom.asp?Type=&Lok=AUH&ID=NPU10504	mmol/L. According to:https://www.analysefortegnelsen.dk/analyselistezoom.asp?Type=&Lok=AUH&ID=NPU10504 
92	NPU19825	2700233	Immunoglobulin M in Plasma 	mass concentration	gram per litre	gram per liter	8636	g/L		
93	NPU01473	2670349	Carbon monoxide haemoglobin in Haemoglobin Fe, Blood	substance fraction		0	8554	%		% (Percentage). According to: https://www.gentoftehospital.dk/afdelinger-og-klinikker/klinisk-biokemisk-afdeling/metodeblade/C/Carbonmonoxidh%C3%A6moglobin%20(ABL)%20(Blod).pdf 
94	NPU02725	2641875	Methaemoglobin in Haemoglobin Fe, Blood	substance fraction		0	720868	{fraction}		Fraction: Source https://www.gentoftehospital.dk/afdelinger-og-klinikker/klinisk-biokemisk-afdeling/metodeblade/M/Meth%C3%A6moglobin%20(ABL)%20(Blod).pdf
95	NPU02415	2602221	Hydrogen ion in Urine 	pH		0	8482	pH		pH units according to https://www.analysefortegnelsen.dk/analyselistezoom.asp?Type=&Lok=HEM&ID=NPU02415
96	NPU26810	2531611	25-Hydroxyergocalciferol in Plasma 	substance concentration	nanomole per litre	nanomole per liter	8736	nmol/L		
97	NPU19654	2493420	Aspartate transaminase in Plasma 	catalytic-activity concentration	Unit per litre	Unit per liter	8645	[U]/L		
98	NPU01536	2483332	Chloride in Plasma 	substance concentration	millimole per litre	millimole per liter	8753	mmol/L		
99	NPU03987	2461066	Leukocytes in Urine 	arbitrary concentration		0	9442	10*6/L	use table in procedure to convert	M/L, according to: https://www.analysefortegnelsen.dk/analyselistezoom.asp?Type=Andre&Lok=AUH&ID=NPU03987
100	NPU04206	2445879	Protein in Urine 	arbitrary concentration		0	8636	g/L		g/L, according to : https://www.analysefortegnelsen.dk/AnalyselisteZoom.asp?Type=&Lok=&ID=NPU04206
101	NPU03625	2433140	Triiodothyronine in Plasma 	substance concentration	picomole per litre	picomole per liter	8729	pmol/L		
102	NPU26470	2348517	Transferrin in Plasma 	mass concentration	gram per litre	gram per liter	8636	g/L		
103	NPU10167	2231161	Oxygen in Patient 	volume rate	litre per minute	liter per minute	8698	L/min		https://athena.ohdsi.org/search-terms/terms/8698
104	NPU10171	2021893	Cholesterol+ester; in LDL in Plasma fasting Patient	substance concentration	millimole per litre	millimole per liter	8753	mmol/L		
105	NPU27547	2003862	Thyrotropin in Plasma 	arbitrary substance concentration	10<sup>-3</sup> international unit per litre	10<sup>-3</sup> international unit per liter	44777561	[arb'U]/L		
106	NPU10506	1941969	Bacterium; nitrite producing in Urine 	arbitrary concentration		0	8749	umol/L		umol/L according to :https://www.analysefortegnelsen.dk/analyselistezoom.asp?Type=Andre&Lok=AUH&ID=NPU10506
107	NPU28289	1752100	Fibrin D-dimer in Plasma 	arbitrary substance concentration	(procedure defined unit)	(procedure defined unit)	44777663	mg{FEU}/L		The unit of measure for the Fibrin D-Dimer test (NPU28289) is mg FEU/L (milligrams of fibrinogen equivalent units per liter).: https://www.gentoftehospital.dk/afdelinger-og-klinikker/klinisk-biokemisk-afdeling/metodeblade/F/Fibrin%20D-Dimer%20(Plasma).pdf
108	NPU18415	1678269	Anion gap(incl. K+) in Plasma 	substance concentration	millimole per litre	millimole per liter	8753	mmol/L		
109	NPU03963	1676891	Erythrocytes in Urine 	arbitrary concentration		0	9442	10*6/L	convert using the table	answer will be a number 0-3 which needs to be converted to 10*6/L. Source:https://www.analysefortegnelsen.dk/AnalyselisteZoom.asp?Type=&Lok=&ID=NPU03963
110	NPU12518	1649247	Base excess in Plasma arterial Blood	substance concentration	millimole per litre	millimole per liter	8753	mmol/L		
111	NPU03404	1619895	Sedimentation reaction in Blood 	length	millimetre	millimetre	8588	mm		https://athena.ohdsi.org/search-terms/terms/8588
112	NPU02349	1549355	Hepatitis B virus s antigen in Plasma 	arbitrary concentration		0	45884084	positive		Hepatitis B virus surface antigen seen or not seen by https://www.analysefortegnelsen.dk/AnalyselisteZoom.asp?Id=NPU02349
113	NPU27501	1502203	Troponin T; cardiac muscle in Plasma 	mass concentration	nanogram per litre	nanogram per liter	8725	ng/L		
114	NPU01943	1490748	Erythroblasts in Blood 	number concentration	10<sup>9</sup> per litre	billion cells per liter	44777588	10*9.{cellls}/L		
115	NPU19649	1466919	Human immunodeficiency virus 1+2 in Plasma 	arbitrary concentration		0	45884084	positive		%{positive}:According to:https://www.analysefortegnelsen.dk/analyselistezoom.asp?Type=&Lok=AUH&ID=NPU19649  
116	NPU19750	1364085	Creatine kinase MB in Plasma 	mass concentration	microgram per litre	microgram per liter	8748	ug/L		
117	NPU19788	1362593	Haptoglobin in Plasma 	mass concentration	gram per litre	gram per liter	8636	g/L		
118	NPU03835	1309204	Haemoglobin A1c in Haemoglobin Fe, Blood	substance fraction		0	9225	%{HbA1c}		%{HbA1c} The HbA1c (NPU03835), the measured value is reported as a percentage (%)https://kiap.dk/functions/pdf/iupac.php
119	NPU29055	1275787	Cholesterol+ester in Plasma 	substance concentration	millimole per litre	millimole per liter	8753	mmol/L		
120	NPU21747	1249386	Erythrocyte antibody in Plasma 	arbitrary concentration		0	45884084	positive		This test is primarily qualitative (presence or absence of antibodies) according to :https://www.analysefortegnelsen.dk/AnalyselisteZoom.asp?Type=&Lok=HEM&ID=NPU21747
121	NPU53989	1230712	Coagulation; surface-induced in Plasma 	time	second	second	8555	s		
122	NPU03978	1224678	Metamyelocytes in Blood 	number concentration	10<sup>9</sup> per litre	billion cells per liter	44777588	10*9.{cellls}/L		
123	NPU03976	1224277	Myelocytes in Blood 	number concentration	10<sup>9</sup> per litre	billion cells per liter	44777588	10*9.{cellls}/L		
124	NPU19579	1223009	Choriogonadotropin+beta-chain in Plasma 	arbitrary substance concentration	international unit per litre	international unit per liter	44777561	[arb'U]/L		
125	NPU27591	1208797	Troponin I; cardiac muscle in Plasma 	mass concentration	nanogram per litre	nanogram per liter	8725	ng/L		
126	NPU03995	1204203	Hydrogen ion in Plasma venous Blood	pH		0	8482	pH		pH according to https://www.analysefortegnelsen.dk/analyselistezoom.asp?Type=SKS&Lok=AUH&ID=NPU03995
127	NPU03944	1163605	Lactate in Plasma venous Blood	substance concentration	millimole per litre	millimole per liter	8753	mmol/L		
128	NPU17675	1160252	M-component in Plasma 	arbitrary concentration		0	8636	g/L		g/L, according to: https://www.analysefortegnelsen.dk/AnalyselisteZoom.asp?Lok=AUH&Id=NPU17675
129	NPU03972	1117541	Blast cells in Blood 	number concentration	10<sup>9</sup> per litre	billion cells per liter	44777588	10*9.{cellls}/L		
130	NPU26678	1103792	Erythrocyte antigen in Erythrocytes Blood	category		0		#N/A	Blood group - use specific mapping of answers as specified in the schema matching file. 	In NPU there is a sungle test for both RH and ABO groups, in LOINC you need two answers
131	NPU03974	1084808	Promyelocytes in Blood 	number concentration	10<sup>9</sup> per litre	billion cells per liter	44777588	10*9.{cellls}/L		
132	NPU04014	1016973	Follitropin in Plasma 	arbitrary substance concentration	international unit per litre	international unit per liter	9254	/L		
133	NPU10762	1000480	Atypical cells in Blood 	number concentration	10<sup>9</sup> per litre	billion cells per liter	44777588	10*9.{cellls}/L		
134	NPU03768	999511	Zinc in Plasma 	substance concentration	micromole per litre	micromole per liter	8749	umol/L		
135	NPU21578	997008	Nitrite in Urine 	arbitrary concentration		0	45884084	positive		positive/negative - https://www.sundhed.dk/sundhedsfaglig/laegehaandbogen/undersoegelser-og-proever/klinisk-biokemi/urin/bakterier-nitrit-stix/
136	NPU01808	983023	Creatininium in Urine 	substance concentration	micromole per litre	micromole per liter	8749	umol/L		
137	NPU03278	981147	Protein in Plasma 	mass concentration	gram per litre	gram per liter	8636	g/L		
138	NPU12033	973580	Hepacivirus C antibody in Plasma 	arbitrary concentration		0	45884084	positive		positive or negative for Hepatitis C antibodies (HCV-Ab) by https://www.analysefortegnelsen.dk/AnalyselisteZoom.asp?Id=NPU12033
139	NPU19947	959259	Cyclic citrullinated peptide antibody in Plasma 	arbitrary substance concentration	(procedure defined unit)	(procedure defined unit)	8810	10*3.[U]/L		The unit of measurement for the Cyklisk citrullineret peptid antistof (cyclic citrullinated peptide antibody, CCP) test, with the test code NPU19947, is kU/L (kilo-units per liter).: https://www.gentoftehospital.dk/afdelinger-og-klinikker/klinisk-biokemisk-afdeling/metodeblade/C/Cyclisk%20citrullineret%20peptid%20antistof%20(Plasma).pdf
140	NPU10029	948683	Carbon dioxide in Plasma venous Blood	gas tension	kilopascal	kilopascal	44777602	kPa		
141	NPU02618	947481	Lutropin in Plasma 	arbitrary substance concentration	international unit per litre	international unit per liter	9254	/L		https://athena.ohdsi.org/search-terms/terms/9254
142	NPU02409	944577	Hydrogen carbonate in Plasma arterial Blood	substance concentration	millimole per litre	millimole per liter	8753	mmol/L		
143	NPU03356	943224	Reticulocytes in Erythrocytes Blood	number fraction	10<sup>-3</sup>	10<sup>-3</sup>	9364	[mil_i]		
144	DNK35842	888262	Glucose in Plasma; venous blood fasting pt 	substance concentration	millimole per litre	millimole per liter	8753	mmol/L		
145	NPU14566	885038	Transglutaminase antibody in Plasma 	arbitrary substance concentration	(procedure defined unit)	(procedure defined unit)	44777561	[arb'U]/L		https://www.sundhed.dk/sundhedsfaglig/laegehaandbogen/undersoegelser-og-proever/klinisk-biokemi/blodproever/transglutaminase-antistof-iga-igg-tga/
146	NPU19676	882459	Albumin in Urine 	mass concentration	gram per litre	gram per liter	8636	g/L		
147	NPU02780	838031	Methylmalonate in Plasma 	substance concentration	micromole per litre	micromole per liter	8749	umol/L		
148	NPU21531	832297	Glucose in Plasma venous Blood	substance concentration	millimole per litre	millimole per liter	8753	mmol/L		
149	DNK35895	809759	Triiodothyronine reaction; in plasma	arbitrary saturation		0	9260	[arb'U]		See https://www.analysefortegnelsen.dk/AnalyselisteZoom.asp?Id=DNK35895
150	NPU03007	805490	Oxygen in Air specification	volume fraction		0	9230	%{oxygen}		%{oxygen}Oxygen Saturation/Fraction Inspired O2
151	NPU18247	776741	Prolactin in Plasma 	arbitrary substance concentration	10<sup>-3</sup> international unit per litre	10<sup>-3</sup> international unit per liter	9364	[mil_i]		
152	NPU17589	763110	Sedimentation reaction in Blood 	arbitrary length	(procedure defined unit)	(procedure defined unit)	8752	mm/h		https://www.gentoftehospital.dk/afdelinger-og-klinikker/klinisk-biokemisk-afdeling/metodeblade/S/Sedimentationsreaktion%20(Blod).pdf
153	NPU12501	740232	Oxygen in Plasma venous Blood	gas tension	kilopascal	kilopascal	44777602	kPa		
154	NPU27337	731455	Thyroxine binding capacity in Plasma 	relative substance concentration		0	9061	ug/dL{thyroxine}		ug/dL{thyroxine}
155	NPU01448	727013	Cancer antigen 125 in Plasma 	arbitrary substance concentration	(procedure defined unit)	(procedure defined unit)	44777561	[arb'U]/L		arb.U/L by https://www.analysefortegnelsen.dk/AnalyselisteZoom.asp?Id=NPU01448
156	NPU17007	726840	Haemoglobin in Reticulocytes Blood	entitic amount-of-substance	femtomole	femtomole	9498	fmol		
157	NPU04708	720859	Plasmocytes in Blood 	number concentration	10<sup>9</sup> per litre	billion cells per liter	44777588	10*9.{cellls}/L		
158	NPU01684	719630	Coagulation; tissue factor-induced in Plasma 	reciprocal relative time		0	8523	{ratio}		by https://www.google.dk/url?sa=t&rct=j&q=&esrc=s&source=web&cd=&cad=rja&uact=8&ved=2ahUKEwiA74rjz7WJAxVJKxAIHSYZDCEQFnoECBgQAQ&url=https%3A%2F%2Fwww.degruyter.com%2Fdocument%2Fdoi%2F10.1351%2Fpac199769051043%2Fpdf&usg=AOvVaw2q99obcL7ZH8Z7hKx1VJrb&opi=89978449
159	NPU19717	704569	Calprotectin in Faeces 	mass fraction	10<sup>-6</sup>	10<sup>-6</sup>	9653	10*-6.eq		https://athena.ohdsi.org/search-terms/terms/9653
160	NPU18410	703019	Cholesterol+ester/Cholesterol+ester; in HDL in Plasma 	substance ratio		0	8523	{ratio}		Ratio according to: https://labportal.rh.dk/Labkaoversigt.asp?Page=132
161	NPU19865	669160	Myoglobin in Plasma 	mass concentration	microgram per litre	microgram per liter	8748	ug/L		
162	NPU03543	668848	Testosterone in Plasma 	substance concentration	nanomole per litre	nanomole per liter	8736	nmol/L		
163	NPU28402	658970	Connective tissue disease related antibody in Plasma 	arbitrary substance concentration	(procedure defined unit)	(procedure defined unit)	8523	{ratio}		https://www.gentoftehospital.dk/afdelinger-og-klinikker/klinisk-biokemisk-afdeling/metodeblade/B/Bindev%C3%A6vssygdom-relateret-AB%20%5BANA%5D%20(Plasma).pdf
164	NPU02346	653476	Hepatitis B virus c antibody in Plasma 	arbitrary concentration		0	45884084	positive		presence - see https://www.analysefortegnelsen.dk/AnalyselisteZoom.asp?Id=NPU02346
165	NPU10199	650935	Oxygen in Haemoglobin Fe, O<sub>2</sub>-binding, venous Blood	saturation		0	720868	{fraction}		https://www.gentoftehospital.dk/afdelinger-og-klinikker/klinisk-biokemisk-afdeling/metodeblade/O/Oxygen%20(O2);m%C3%A6tn.%20[Saturation]%20(ABL)%20(Blod).pdf
166	NPU03695	609462	Urine in Patient 	volume	millilitre	milliliter	8587	mL		
167	NPU01972	597791	Estradiol in Plasma 	substance concentration	nanomole per litre	nanomole per liter	8736	nmol/L		
168	NPU27297	595231	Chorionic Gonadotropin in Plasma 	arbitrary substance concentration	international unit per litre	international unit per liter	9254	/L		
169	NPU01580	593666	Choriogonadotropin beta-chain in Plasma 	arbitrary substance concentration	international unit per litre	international unit per liter	9254	/L		
170	NPU01446	577765	Calcium ion in Plasma 	substance concentration	millimole per litre	millimole per liter	8753	mmol/L		
171	NPU09356	564219	Urate in Plasma 	substance concentration	micromole per litre	micromole per liter	8749	umol/L		
172	NPU19606	556633	Immunoglobulin kappa-Chains in Plasma 	mass concentration	milligram per litre	milligram per liter	8751	mg/L		
173	NPU19607	555330	Immunoglobulin lambda-Chains in Plasma 	mass concentration	milligram per litre	milligram per liter	8751	mg/L		
174	NPU12481	539196	Carbon dioxide in Plasma capillary Blood	gas tension	kilopascal	kilopascal	44777602	kPa		
175	NPU12490	537325	Hydrogen ion in Plasma capillary Blood	pH		0	8482	pH		pH according to https://www.analysefortegnelsen.dk/AnalyselisteZoom.asp?Type=&Lok=HEM&Id=NPU12490
176	NPU02187	534196	Glucose in Blood 	substance concentration	millimole per litre	millimole per liter	8753	mmol/L		
177	NPU02195	523232	Glucose in Plasma venous Blood, fasting Patient	substance concentration	millimole per litre	millimole per liter	8753	mmol/L		
178	NPU01423	522907	C-reactive protein in Plasma 	substance concentration	nanomole per litre	nanomole per liter	8736	nmol/L		
179	NPU18325	512253	Lactate in Blood 	substance concentration	millimole per litre	millimole per liter	8753	mmol/L		
180	NPU19608	480992	Immunoglobulin kappa-Chains(free)/Immunoglobulin lambda-Chains(free) in Plasma 	mass ratio		0	8523	{ratio}		Ratio according to https://www.analysefortegnelsen.dk/analyselistezoom.asp?Type=&Lok=AUH&ID=NPU19608
181	NPU21576	480326	Procalcitonin in Plasma 	mass concentration	microgram per litre	microgram per liter	8748	ug/L		
182	NPU03958	475547	Protein in Urine 	mass concentration	gram per litre	gram per liter	8636	g/L		
183	NPU03419	466931	Sex hormone-binding globulin in Plasma 	substance concentration	nanomole per litre	nanomole per liter	8736	nmol/L		
184	NPU08552	466873	Glucose in Plasma 	substance concentration	millimole per litre	millimole per liter	8753	mmol/L		
185	NPU16393	466696	DNA(double stranded) antibody in Plasma 	arbitrary substance concentration	10Â³ international unit per litre	10Â³ international unit per liter	8923	kiU/L		
186	DNK05449	466677	Albumin; in plasma	substance concentration	micromoles per litre	micromoles per liter	8749	umol/L		
187	NPU19719	441698	Carcinoembryonic antigen in Plasma 	mass concentration	microgram per litre	microgram per liter	8748	ug/L		
188	NPU01787	440692	Cortisol in Plasma 	substance concentration	nanomole per litre	nanomole per liter	8736	nmol/L		
189	NPU18350	427993	Rheumatoid factor in Plasma 	arbitrary substance concentration	10Â³ international unit per litre	10Â³ international unit per liter	8923	kiU/L		
190	NPU19912	425434	Tacrolimus in Blood 	mass concentration	microgram per litre	microgram per liter	8748	ug/L		
191	NPU27315	419613	Inhalation antigen antibody in Plasma 	arbitrary substance concentration	10Â³ international unit per litre	10Â³ international unit per liter	8923	kiU/L		
192	NPU02043	418204	Alpha-fetoprotein in Plasma 	arbitrary substance concentration	10Â³ international unit per litre	10Â³ international unit per liter	8923	kiU/L		
193	NPU17053	417728	Leukocytes in Blood 	number concentration	10<sup>9</sup> per litre	billion cells per liter	44777588	10*9.{cellls}/L		
194	NPU21725	416007	Pregnancy-associated plasma protein A in Plasma 	arbitrary substance concentration	international unit per litre	international unit per liter	9254	/L		
195	NPU57691	412646	Inhalation antigen antibody in Plasma 	arbitrary substance concentration	(procedure defined unit)	(procedure defined unit)	8810	10*3.[U]/L		https://www.analysefortegnelsen.dk/AnalyselisteZoom.asp?Type=&Lok=HEM&ID=NPU57691
196	NPU03611	409727	Treponema pallidum antibody in Plasma 	arbitrary concentration		0	45884084	positive		The unit for the test result is reported as either positive or "negative, :https://www.analysefortegnelsen.dk/AnalyselisteZoom.asp?Type=&Lok=HEM&ID=NPU03611 
197	NPU02482	399494	Immunoglobulin E in Plasma 	arbitrary substance concentration	10Â³ international unit per litre	10Â³ international unit per liter	8923	kiU/L		
198	NPU08753	398607	Deoxyhaemoglobin in Haemoglobin total, arterial Blood	substance fraction		0	720868	{fraction}	moller fraction	{fraction}: https://labportal.rh.dk/Labkaoversigt.asp?Id=3978
199	NPU12500	394868	Oxygen in Plasma capillary Blood	gas tension	kilopascal	kilopascal	44777602	kPa		
200	NPU14266	388001	Hydrogen carbonate in Plasma venous Blood	substance concentration	millimole per litre	millimole per liter	8753	mmol/L		
201	NPU02613	378940	Lithium ion in Plasma 	substance concentration	millimole per litre	millimole per liter	8753	mmol/L		
202	NPU12229	357691	Iodide peroxidase antibody in Plasma 	arbitrary substance concentration	(procedure defined unit)	(procedure defined unit)	44777561	[arb'U]/L		https://www.analysefortegnelsen.dk/AnalyselisteZoom.asp?Type=&Lok=HEM&Id=NPU12229
203	NPU08561	357057	Glucose in Plasma 	substance concentration	millimole per litre	millimole per liter	8753	mmol/L		
204	NPU14048	353515	Creatininium clearance in Kidney 	volume rate	millilitre per minute	milliliter per minute	8795	mL/min		
205	NPU10197	351417	Oxygen in Haemoglobin Fe, O<sub>2</sub>-binding, capillary Blood	saturation		0	8554	%		% according to: https://labportal.rh.dk/Metodeliste.asp?Mode=Display&Id=3516
206	NPU20041	342328	Iodide peroxidase antibody in Plasma 	arbitrary substance concentration	10Â³ international unit per litre	10Â³ international unit per liter	8923	kiU/L		
207	NPU10379	334777	Urine sampling in Patient 	duration	hour	hour	8505	h		Hour according to https://dok.regionsjaelland.dk/view.aspx?DokID=232046 
208	NPU03982	332165	Neutrophilocytes in Blood 	number concentration	10<sup>9</sup> per litre	billion cells per liter	44777588	10*9.{cellls}/L		
209	NPU03800	327243	Creatininium in Patient Urine	substance rate	millimole per day	millimole per day	8910	mmol/(24.h)		mmol/(24.h)according to: https://www.gentoftehospital.dk/afdelinger-og-klinikker/klinisk-biokemisk-afdeling/metodeblade/K/Kreatinin%20(Urin).pdf
210	NPU10265	323380	Oxyhaemoglobin in Haemoglobin Fe, total, venous Blood	substance fraction		0	720868	{fraction}		fraction of oxyhemoglobin according to: https://www.gentoftehospital.dk/afdelinger-og-klinikker/klinisk-biokemisk-afdeling/metodeblade/O/Oxyh%C3%A6moglobin%20(ABL)%20(Blod).pdf
211	NPU28161	320545	Deamidated gliadin peptide antibody in Plasma 	arbitrary substance concentration	(procedure defined unit)	(procedure defined unit)	8810	10*3.[U]/L		https://labportal.rh.dk/LabPortal.asp?Mode=View&Id=4376
212	NPU03431	319226	Sodium ion in Urine 	substance concentration	millimole per litre	millimole per liter	8753	mmol/L		
213	NPU26811	318319	Pro-brain natriuretic peptide(1-76) in Plasma 	substance concentration	picomole per litre	picomole per liter	8729	pmol/L		
214	NPU16065	314572	Hepatitis B virus s antibody in Plasma 	arbitrary substance concentration	international unit per litre	international unit per liter	9254	/L		
215	NPU10842	312614	Birch antibody in Plasma 	arbitrary substance concentration	10Â³ international unit per litre	10Â³ international unit per liter	8923	kiU/L		
216	NPU10881	311683	Dermatophagoides pteronyssinus antibody in Plasma 	arbitrary substance concentration	10Â³ international unit per litre	10Â³ international unit per liter	8923	kiU/L		
217	NPU08676	311480	Body in Patient 	Celsius temperature	degree Celsius	degree Celsius	586323	Cel		
218	NPU03010	309135	Oxygen in Haemoglobin Blood	gas tension	kilopascal	kilopascal	44777602	kPa		
219	NPU21536	306604	Fibrinogen in Plasma 	substance concentration	micromole per litre	micromole per liter	8749	umol/L		
220	NPU10899	306378	Timothy grass antibody in Plasma 	arbitrary substance concentration	10Â³ international unit per litre	10Â³ international unit per liter	8923	kiU/L		
221	NPU10968	305594	Dog dander antibody in Plasma 	arbitrary substance concentration	10Â³ international unit per litre	10Â³ international unit per liter	8923	kiU/L		
222	NPU11028	305208	Cat dander antibody in Plasma 	arbitrary substance concentration	10Â³ international unit per litre	10Â³ international unit per liter	8923	kiU/L		
223	NPU19873	304990	Orosomucoid in Plasma 	mass concentration	gram per litre	gram per liter	8636	g/L		
224	NPU10936	298491	Mugwort antibody in Plasma 	arbitrary substance concentration	10Â³ international unit per litre	10Â³ international unit per liter	8923	kiU/L		
225	NPU03609	298315	Treponema pallidum flagellum antibody in Plasma 	arbitrary concentration		0	45884084	positive		Positive or negative detection of antibodies according to:https://lmv.regionsjaelland.dk/dokument.asp?DokID=265191
226	NPU03242	296378	Progesterone in Plasma 	substance concentration	nanomole per litre	nanomole per liter	8736	nmol/L		
227	NPU08556	294596	Glucose in Plasma 	substance concentration	millimole per litre	millimole per liter	8753	mmol/L		
228	NPU03930	292543	Carbamide in Urine 	substance concentration	millimole per litre	millimole per liter	8753	mmol/L		
229	NPU08904	290856	Glucose in Plasma 	substance concentration	millimole per litre	millimole per liter	8753	mmol/L		
230	NPU03980	289735	Neutrophilocytes in Blood 	number concentration	10<sup>9</sup> per litre	billion cells per liter	44777588	10*9.{cellls}/L		
231	NPU13080	285645	Dermatophagoides pteronyssinus antibody in Plasma 	arbitrary substance concentration	(procedure defined unit)	(procedure defined unit)	8923	kiU/L		kiU/L by https://www.analysefortegnelsen.dk/AnalyselisteZoom.asp?Id=NPU13080
232	NPU13041	285209	Birch antibody in Plasma 	arbitrary substance concentration	(procedure defined unit)	(procedure defined unit)	8923	kiU/L		kiU/L by https://www.analysefortegnelsen.dk/AnalyselisteZoom.asp?Id=NPU13041
233	NPU13098	284280	Timothy grass antibody in Plasma 	arbitrary substance concentration	(procedure defined unit)	(procedure defined unit)	8810	10*3.[U]/L		https://www.analysefortegnelsen.dk/AnalyselisteZoom.asp?Type=Andre&Lok=AUH&ID=NPU13098
234	NPU29992	282421	Antithrombin in Plasma 	arbitrary substance concentration	10Â³ international unit per litre	10Â³ international unit per liter	8923	kiU/L		
235	NPU03549	281893	Testosterone in Plasma 	substance concentration	nanomole per litre	nanomole per liter	8736	nmol/L		
236	NPU13167	279978	Dog dander antibody in Plasma 	arbitrary substance concentration	(procedure defined unit)	(procedure defined unit)	8810	10*3.[U]/L		kU/L by https://www.analysefortegnelsen.dk/AnalyselisteZoom.asp?Id=NPU13167
237	NPU13227	279226	Cat dander antibody in Plasma 	arbitrary substance concentration	(procedure defined unit)	(procedure defined unit)	8923	kiU/L		kiU/L by https://www.analysefortegnelsen.dk/AnalyselisteZoom.asp?Id=NPU13227
238	NPU13135	276446	Mugwort antibody in Plasma 	arbitrary substance concentration	(procedure defined unit)	(procedure defined unit)	8810	10*3.[U]/L		by https://www.analysefortegnelsen.dk/AnalyselisteZoom.asp?Id=NPU13135
239	NPU17562	272919	Eosinophilocytes in Blood 	number concentration	10<sup>9</sup> per litre	billion cells per liter	44777588	10*9.{cellls}/L		
240	NPU12567	269078	Lupus La protein antibody in Plasma 	arbitrary substance concentration	(procedure defined unit)	(procedure defined unit)	45884084	positive		pos/neg by https://labportal.rh.dk/LabPortal.asp?Mode=View&Id=4401
241	NPU21730	265121	Rheumatoid factor in Plasma 	arbitrary substance concentration	10Â³ international unit per litre	10Â³ international unit per liter	8923	kiU/L		
242	NPU01253	264914	Androstenedione in Plasma 	substance concentration	nanomole per litre	nanomole per liter	8736	nmol/L		
243	NPU12564	264618	SjÃ¶gren syndrome A antibody in Plasma 	arbitrary substance concentration	(procedure defined unit)	(procedure defined unit)	8810	10*3.[U]/L		https://www.gentoftehospital.dk/afdelinger-og-klinikker/klinisk-biokemisk-afdeling/metodeblade/S/Sj%C3%B8gren%20syndrom%20%5BSSA%5D-IgG%20(Plasma).pdf
244	NPU17888	264335	Immunoglobulins; Thyroid-Stimulating in Plasma 	arbitrary substance concentration	international unit per litre	international unit per liter	9254	/L		
245	NPU04073	264315	Homocysteine in Plasma 	substance concentration	micromole per litre	micromole per liter	8749	umol/L		
246	NPU08901	257474	Glucose in Plasma 	substance concentration	millimole per litre	millimole per liter	8753	mmol/L		
247	NPU08900	256019	Glucose in Plasma 	substance concentration	millimole per litre	millimole per liter	8753	mmol/L		
248	NPU02050	254700	Fibrinogen in Plasma 	substance concentration	micromole per litre	micromole per liter	8749	umol/L		
249	NPU21571	253998	Pro-brain natriuretic peptide(1-76) in Plasma 	mass concentration	nanogram per litre	nanogram per liter	8725	ng/L		
250	NPU04208	252718	Haemoglobin in Urine 	arbitrary concentration		0	8748	ug/L	needs to be converted to this unit using the table in https://www.analysefortegnelsen.dk/analyselistezoom.asp?Lok=HEH&ID=NPU04208	ug/L https://www.analysefortegnelsen.dk/analyselistezoom.asp?Type=&Lok=HEH&ID=NPU04208
251	NPU17997	247532	Albumin in Urine 	arbitrary concentration		0	8751	mg/L		mg/L source: https://www.sundhed.dk/sundhedsfaglig/laegehaandbogen/undersoegelser-og-proever/klinisk-biokemi/urin/mikroalbumin-stiks/
252	NPU08732	245870	Lamotrigine in Plasma 	substance concentration	micromole per litre	micromole per liter	8749	umol/L		
253	NPU16407	245672	Rheumatoid factor in Plasma 	arbitrary substance concentration	10Â³ international unit per litre	10Â³ international unit per liter	8923	kiU/L		
254	NPU27385	239838	Anti-Mullerian Hormone in Plasma 	substance concentration	picomole per litre	picomole per liter	8729	pmol/L		
255	NPU08910	238240	Glucose in Plasma 	substance concentration	millimole per litre	millimole per liter	8753	mmol/L		
256	NPU18383	237638	Hydrogen carbonate in Plasma arterial Blood	substance concentration	millimole per litre	millimole per liter	8753	mmol/L		
257	NPU01992	234827	Ethanol in Plasma 	substance concentration	millimole per litre	millimole per liter	8753	mmol/L		
258	NPU02460	233024	17-Hydroxyprogesterone in Plasma 	substance concentration	nanomole per litre	nanomole per liter	8736	nmol/L		
259	NPU26646	231789	U1 small nuclear ribonucleoprotein (70 kDa+A+C) antibody in Plasma 	arbitrary substance concentration	(procedure defined unit)	(procedure defined unit)	8810	10*3.[U]/L		https://www.gentoftehospital.dk/afdelinger-og-klinikker/klinisk-biokemisk-afdeling/metodeblade/U/U1%20snRNP(70%20kDa+A+C)-IgG%20(Plasma).pdf
260	NPU26643	229776	DNA topoisomerase 1 antibody in Plasma 	arbitrary substance concentration	(procedure defined unit)	(procedure defined unit)	8810	10*3.[U]/L		https://lmv.regionsjaelland.dk/dokument.asp?DokID=324599
261	NPU26647	229068	Smith's antibody in Plasma 	arbitrary substance concentration	(procedure defined unit)	(procedure defined unit)	8810	10*3.[U]/L		https://www.gentoftehospital.dk/afdelinger-og-klinikker/klinisk-biokemisk-afdeling/metodeblade/S/Smiths-IgG%20(Plasma).pdf
262	NPU19767	228617	Fibrin D-dimer in Plasma 	mass concentration	milligram per litre	milligram per liter	8751	mg/L		
263	NPU04145	227045	Bilirubins in Plasma neonatal	substance concentration	micromole per litre	micromole per liter	8749	umol/L		
264	NPU22111	227002	Glucose in Plasma capillary Blood	substance concentration	millimole per litre	millimole per liter	8753	mmol/L		
265	NPU17194	225427	Bilirubin in Plasma 	substance concentration	micromole per litre	micromole per liter	8749	umol/L		
266	NPU10754	225349	Oxyhaemoglobin in Haemoglobin Fe, total, capillary Blood	substance fraction		0	8728	%{sat}		%{sat} Source: https://labportal.rh.dk/Metodeliste.asp?Mode=Display&Id=3511
267	NPU10293	225194	Cholesterol+ester/Cholesterol+ester; in HDL in Plasma fasting Patient	substance ratio		0	8753	mmol/L		mmol/L according to: https://labportal.rh.dk/Labkaoversigt.asp?Page=132
268	NPU08566	223360	Glucose in Plasma 	substance concentration	millimole per litre	millimole per liter	8753	mmol/L		
269	NPU26644	222424	Major centromere autoantigen B antibody in Plasma 	arbitrary substance concentration	(procedure defined unit)	(procedure defined unit)	8810	10*3.[U]/L		https://www.gentoftehospital.dk/afdelinger-og-klinikker/klinisk-biokemisk-afdeling/metodeblade/M/Major%20centromere%20B-IgG%20(Plasma).pdf
270	NPU26642	220668	Histidine--tRNA ligase antibody in Plasma 	arbitrary substance concentration	(procedure defined unit)	(procedure defined unit)	8810	10*3.[U]/L		https://www.gentoftehospital.dk/afdelinger-og-klinikker/klinisk-biokemisk-afdeling/metodeblade/H/Histidin-tRNA-ligase%20%5BJo1%5D-IgG%20(Plasma).pdf
271	NPU19568	219589	Helicobacter pylori in Gastric Mucosa 	arbitrary concentration		0	45884084	positive		probably presence due to pattern of code name, no procedure page found. 
272	NPU04121	217495	Dehydroepiandrosterone sulfate in Plasma 	substance concentration	micromole per litre	micromole per liter	8749	umol/L		
273	NPU19929	214344	Vancomycin in Plasma 	mass concentration	milligram per litre	milligram per liter	8751	mg/L		
274	NPU04177	213027	Glucose in Plasma 	substance concentration	millimole per litre	millimole per liter	8753	mmol/L		
275	NPU19617	212231	Food allergen antibody in Plasma 	arbitrary substance concentration	10Â³ international unit per litre	10Â³ international unit per liter	8923	kiU/L		
276	NPU02190	210822	Glucose in Cerebrospinal fluid 	substance concentration	millimole per litre	millimole per liter	8753	mmol/L		
277	NPU53053	210193	Fibrinogen in Plasma 	substance concentration	micromole per litre	micromole per liter	8749	umol/L		
278	NPU03276	207992	Protein in Cerebrospinal fluid 	mass concentration	gram per litre	gram per liter	8636	g/L		
279	NPU29069	202495	Peptidyl dipeptidase A in Plasma 	catalytic-activity concentration	Unit per litre	Unit per liter	8645	[U]/L		
280	NPU01962	200541	Erythrocytes in Cerebrospinal fluid 	number concentration	million per litre	million per liter	9442	10*6/L		
281	NPU11574	196190	Inhalation antigen antibody in Plasma 	arbitrary concentration		0	8645	[U]/L		[U]/L according to :https://www.sundhed.dk/sundhedsfaglig/laegehaandbogen/undersoegelser-og-proever/klinisk-biokemi/blodproever/allergiscreening-phadiatop/
282	NPU12181	194890	Human hepatitis A virus antibody in Plasma 	arbitrary concentration		0	9158	[MPL'U]/mL		[MPL'U]/mL according to: https://www.analysefortegnelsen.dk/analyselistezoom.asp?Type=&Lok=AUH&ID=NPU12181
283	NPU03277	193999	Protein in Patient Urine	mass rate	gram per day	gram per day	8807	g/(24.h)		g/(24.h) according to:
284	NPU01886	193935	Digoxin in Plasma 	substance concentration	nanomole per litre	nanomole per liter	8736	nmol/L		
285	NPU10958	190139	Horse dander antibody in Plasma 	arbitrary substance concentration	10Â³ international unit per litre	10Â³ international unit per liter	8923	kiU/L		
286	NPU26814	190038	Calprotectin in Faeces 	mass fraction	milligram per kilogram	milligram per kilogram	9562	mg/kg		
287	NPU17147	189705	Hydrogen ion in Plasma cord Blood, arterial Blood	pH		0	8482	pH		pH according to:https://www.analysefortegnelsen.dk/AnalyselisteZoom.asp?Type=AUH&Lok=AUH&Id=NPU17147 
288	NPU03787	189086	Potassium ion in Urine 	substance concentration	millimole per litre	millimole per liter	8753	mmol/L		
289	NPU17148	188478	Hydrogen ion in Plasma cord Blood, venous Blood	pH		0	8482	pH		pH according to: https://www.analysefortegnelsen.dk/AnalyselisteZoom.asp?Type=&Lok=HEM&Id=NPU17148
290	NPU22120	185544	Glucose in Plasma capillary Blood	substance concentration	millimole per litre	millimole per liter	8753	mmol/L		
291	NPU17181	180796	Brain natriuretic peptide in Plasma 	substance concentration	picomole per litre	picomole per liter	8729	pmol/L		
292	NPU01458	179520	Carbamide in Patient Urine	substance rate	millimole per day	millimole per day	8910	mmol/(24.h)		
293	NPU17597	179373	Naked nuclei in Blood 	number concentration	10<sup>9</sup> per litre	billion cells per liter	44777588	10*9.{cellls}/L		
294	NPU20197	176100	Erythrocytes in Urine 	number concentration	million per litre	million per liter	9442	10*6/L		
295	NPU02194	175051	Glucose in Urine 	substance concentration	millimole per litre	millimole per liter	8753	mmol/L		
296	NPU23869	174703	Ethanol in Plasma 	mass concentration	gram per litre	gram per liter	8636	g/L		
297	NPU20198	173962	Leukocytes in Urine 	number concentration	million per litre	million per liter	9442	10*6/L		
298	NPU17139	173797	Carbon dioxide in Plasma cord Blood, arterial Blood	gas tension	kilopascal	kilopascal	44777602	kPa		
299	NPU08914	173567	Glucose in Plasma 	substance concentration	millimole per litre	millimole per liter	8753	mmol/L		
300	NPU17140	173034	Carbon dioxide in Plasma cord Blood, venous Blood	gas tension	kilopascal	kilopascal	44777602	kPa		
301	NPU14264	171907	Hydrogen carbonate in Plasma capillary Blood	substance concentration	millimole per litre	millimole per liter	8753	mmol/L		
302	NPU01450	171168	Cancer antigen 19-9 in Plasma 	arbitrary substance concentration	(procedure defined unit)	(procedure defined unit)	44777561	[arb'U]/L		by https://www.gentoftehospital.dk/afdelinger-og-klinikker/klinisk-biokemisk-afdeling/metodeblade/C/Cancer-antigen%2019-9%20(Plasma).pdf
303	DNK35269	170219	Leukocyte type in Blood	number concentration	procent	procent	44777588	10*9.{cellls}/L		billion per liter according to: https://labportal.rh.dk/Metodeliste.asp?Mode=Display&Id=2518
304	NPU22157	168352	Pregnancy-associated plasma protein A in Plasma 	arbitrary substance concentration	(procedure defined unit)	(procedure defined unit)	8923	kiU/L		https://www.gentoftehospital.dk/afdelinger-og-klinikker/klinisk-biokemisk-afdeling/metodeblade/D/Doubletest%20gruppe%20[foster]%20(Plasma).pdf
305	NPU08909	166998	Glucose in Plasma 	substance concentration	millimole per litre	millimole per liter	8753	mmol/L		
306	NPU26690	166105	Erythrocyte(non ABO) antibody in Plasma 	arbitrary concentration		0	45884084	positive		positive or negative according to: https://metodebok.no/index.php?action=topic&item=izRbxYAK
307	NPU12526	165338	Carbon dioxide in Plasma arterial Blood	gas tension	kilopascal	kilopascal	44777602	kPa		
308	NPU02412	164809	Hydrogen ion in Plasma arterial Blood	pH		0	8482	pH		pH according to: https://labportal.rh.dk/labportal.asp?Mode=Display&Id=3712
309	NPU19725	164127	Ciclosporin in Blood 	mass concentration	microgram per litre	microgram per liter	8748	ug/L		
310	NPU14104	164006	Oxygen in Plasma arterial Blood	gas tension	kilopascal	kilopascal	44777602	kPa		
311	NPU10007	163936	Antithrombin in Plasma 	arbitrary substance concentration	10Â³ international unit per litre	10Â³ international unit per liter	8923	kiU/L		
312	NPU04084	162378	Coagulation; tissue factor-induced in Plasma 	relative time		0	44777659	/s		(prothrombin)/s according to:https://dake2.dudal.com › files › infusing PDF
313	NPU19692	161834	Alpha-1-antitrypsin in Plasma 	mass concentration	gram per litre	gram per liter	8636	g/L		
314	NPU02594	158354	Leukocytes in Cerebrospinal fluid 	number concentration	million per litre	million per liter	9442	10*6/L		
315	NPU03796	156836	Sodium ion in Patient Urine	substance rate	millimole per day	millimole per day	8910	mmol/(24.h)		
316	NPU01012	156030	Acetoacetate in Urine 	substance concentration	millimole per litre	millimole per liter	8753	mmol/L		
317	NPU08555	152511	Glucose in Plasma 	substance concentration	millimole per litre	millimole per liter	8753	mmol/L		
318	NPU18005	150587	C-peptide in Plasma fasting Patient	substance concentration	picomole per litre	picomole per liter	8729	pmol/L		
319	NPU08915	149999	Glucose in Plasma 	substance concentration	millimole per litre	millimole per liter	8753	mmol/L		
320	NPU03804	149512	Body in Patient 	mass	kilogram	kilogram	9529	kg		
321	DNK05020	149384	Amylase in Plasma 	catalytic-activity concentration	Unit per litre	Unit per liter	8645	[U]/L		
322	NPU22114	147348	Glucose in Plasma capillary Blood	substance concentration	millimole per litre	millimole per liter	8753	mmol/L		
323	NPU18412	146845	Cholesterol+ester in Plasma fasting Patient	substance concentration	millimole per litre	millimole per liter	8753	mmol/L		
324	NPU10157	146359	Cholesterol+ester; in HDL in Plasma fasting Patient	substance concentration	millimole per litre	millimole per liter	8753	mmol/L		
325	NPU03735	145926	Valproate in Plasma 	substance concentration	micromole per litre	micromole per liter	8749	umol/L		
326	NPU19894	145353	Procollagen Type III N-Terminal Peptide in Plasma 	mass concentration	microgram per litre	microgram per liter	8748	ug/L		
327	NPU20185	143119	Hydrogen ion in Urine 	pH		0	8482	pH		pH according to: https://www.fagperson.auh.dk › arsberetning-2011 PDF
328	NPU17167	142462	Protein in Urine 	mass concentration	gram per litre	gram per liter	8636	g/L		
329	NPU13157	141132	Horse dander antibody in Plasma 	arbitrary substance concentration	(procedure defined unit)	(procedure defined unit)	8810	10*3.[U]/L		kiU/L by https://www.analysefortegnelsen.dk/AnalyselisteZoom.asp?Id=NPU13157
330	NPU28638	139777	Immunoglobulin G in Plasma 	mass concentration	gram per litre	gram per liter	8636	g/L		
331	NPU08547	138328	Glucose in Plasma 	substance concentration	millimole per litre	millimole per liter	8753	mmol/L		
332	NPU12520	135159	Base excess in Plasma capillary Blood	substance concentration	millimole per litre	millimole per liter	8753	mmol/L		
333	NPU22084	134140	Glucose in Plasma capillary Blood	substance concentration	millimole per litre	millimole per liter	8753	mmol/L		
334	NPU08957	132731	Cannabinoid in Urine 	arbitrary concentration		0	45884084	positive		positive or negative according to: https://www.analysefortegnelsen.dk/AnalyselisteZoom.asp?Type=&Lok=HEM&ID=NPU08957
335	NPU57688	132119	Food allergen antibody in Plasma 	arbitrary substance concentration	(procedure defined unit)	(procedure defined unit)	8923	kiU/L		https://e-dok.rm.dk/edok/Admin/GUI.nsf/Desktop.html?open&openlink=https://e-dok.rm.dk/edok/enduser/portal.nsf/Main.html?open&unid=XC1257E0B003E3E88C12582F1003A607A&level=ALL&dbpath=/edok/editor/700513.nsf/&windowwidth=1100&windowheight=600&windowtitle=S%F8g
336	NPU18004	130081	C-peptide in Plasma 	substance concentration	picomole per litre	picomole per liter	8729	pmol/L		
337	NPU22112	129711	Glucose in Plasma capillary Blood	substance concentration	millimole per litre	millimole per liter	8753	mmol/L		
338	NPU08905	128509	Glucose in Plasma 	substance concentration	millimole per litre	millimole per liter	8753	mmol/L		
339	NPU22075	127636	Glucose in Plasma capillary Blood	substance concentration	millimole per litre	millimole per liter	8753	mmol/L		
340	NPU28160	124749	Acidic ribosomal protein antibody in Plasma 	arbitrary substance concentration	(procedure defined unit)	(procedure defined unit)	8810	10*3.[U]/L		https://www.gentoftehospital.dk/afdelinger-og-klinikker/klinisk-biokemisk-afdeling/metodeblade/R/Ribosomal%20protein-IgG%20%5BRib%20P%5D%20(Plasma).pdf
341	NPU19924	123340	Troponin T; cardiac muscle in Plasma 	mass concentration	microgram per litre	microgram per liter	8748	ug/L		
342	NPU22121	123065	Glucose in Plasma capillary Blood	substance concentration	millimole per litre	millimole per liter	8753	mmol/L		
343	NPU10879	122698	Dermatophagoides farinae antibody in Plasma 	arbitrary substance concentration	10Â³ international unit per litre	10Â³ international unit per liter	8923	kiU/L		
344	NPU19626	118693	Mold fungus antibody in Plasma 	arbitrary substance concentration	10Â³ international unit per litre	10Â³ international unit per liter	8923	kiU/L		
345	NPU19829	117979	Insulin-like growth factor I in Plasma 	mass concentration	microgram per litre	microgram per liter	8748	ug/L		
346	NPU08553	117948	Glucose in Plasma 	substance concentration	millimole per litre	millimole per liter	8753	mmol/L		
347	NPU28820	117492	Carbon dioxide in Plasma central venous blood	gas tension	kilopascal	kilopascal	44777602	kPa		
348	NPU28389	117186	DNA-directed RNA polymerase III subunit RPC1 antibody in Plasma 	arbitrary substance concentration	(procedure defined unit)	(procedure defined unit)	45884084	positive		presenceby https://www.analysefortegnelsen.dk/AnalyselisteZoom.asp?Id=NPU28389
349	NPU28829	116774	Oxygen in Plasma central venous blood	gas tension	kilopascal	kilopascal	44777602	kPa		
350	NPU28824	116763	Hydrogen ion in Plasma central venous blood	pH		0	8482	pH		pH according to:https://www.analysefortegnelsen.dk/AnalyselisteZoom.asp?Type=&Lok=HEM&Id=NPU28824 
351	NPU28706	116763	Nuclear antigen antibody in Plasma 	arbitrary concentration		0	8525	{titer}		{titer} according to: https://synlab.se/provtagningsanvisningar/ANA-S-
352	NPU12584	116088	Proliferating cell nuclear antigen antibody in Plasma 	arbitrary substance concentration	(procedure defined unit)	(procedure defined unit)	45878583	negative	"convert to positive/negative/inconclusive by Negativ: < 7 kU/L
Inkonklusiv: 7-10 kU/L
Positiv: > 10 kU/L"	kU/L by https://www.gentoftehospital.dk/afdelinger-og-klinikker/klinisk-biokemisk-afdeling/metodeblade/P/Prolifererende%20nucleus-antistof%20(Plasma).pdf
353	NPU28828	115969	Oxygen in Haemoglobin Fe, O<sub>2</sub>-binding, central venous blood	saturation		0	8554	%		% according to: https://www.analysefortegnelsen.dk/AnalyselisteZoom.asp?Type=&Lok=HEM&Id=NPU28828
354	NPU54038	115790	Hepatitis B virus s antibody in Plasma 	arbitrary substance concentration	international unit per litre	international unit per liter	9254	/L		
355	NPU01366	115457	Bilirubin in Plasma 	substance concentration	micromole per litre	micromole per liter	8749	umol/L		
356	NPU22083	115377	Glucose in Plasma capillary Blood	substance concentration	millimole per litre	millimole per liter	8753	mmol/L		
357	NPU16789	115248	Paracetamol in Plasma 	substance concentration	millimole per litre	millimole per liter	8753	mmol/L		
358	NPU18189	114971	Transglutaminase antibody in Plasma 	arbitrary substance concentration	(procedure defined unit)	(procedure defined unit)	8810	10*3.[U]/L		https://labportal.rh.dk/Labkaoversigt.asp?Id=4261
359	NPU28386	113998	Chromodomain-helicase-DNA-binding protein 4 antibody in Plasma 	arbitrary substance concentration	(procedure defined unit)	(procedure defined unit)	8810	10*3.[U]/L		https://www.gentoftehospital.dk/afdelinger-og-klinikker/klinisk-biokemisk-afdeling/metodeblade/C/CHD-4-IgG%20%5BMi-2%5D%20(Plasma).pdf
360	NPU28388	113610	rRNA 2'-O-methyltransferase fibrillarin antibody in Plasma 	arbitrary substance concentration	(procedure defined unit)	(procedure defined unit)	8810	10*3.[U]/L		https://www.gentoftehospital.dk/afdelinger-og-klinikker/klinisk-biokemisk-afdeling/metodeblade/F/Fibrillarin-IgG%20(Plasma).pdf
361	NPU28387	113588	Exosome component 10 antibody in Plasma 	arbitrary substance concentration	(procedure defined unit)	(procedure defined unit)	8810	10*3.[U]/L		kU/L by https://www.gentoftehospital.dk/afdelinger-og-klinikker/klinisk-biokemisk-afdeling/metodeblade/E/EXOSC10-IgG%20[PM-Scl100]%20(Plasma).pdf
362	NPU16415	111677	Phospholipid antibody in Plasma 	arbitrary substance concentration	(procedure defined unit)	(procedure defined unit)	8525	{titer}		by https://labportal.rh.dk/LabPortal.asp?Mode=View&Id=4903
363	NPU02497	111210	Insulin in Plasma fasting Patient	substance concentration	picomole per litre	picomole per liter	8729	pmol/L		
364	NPU10324	111011	Urine sampling in Patient 	duration	minute	minute	8550	min		
365	NPU28833	109436	Oxyhaemoglobin in Haemoglobin Fe, total, central venous blood	substance fraction		0	8737	%{of'HGB}		%{of'HGB} according to: https://labportal.rh.dk/Labkaoversigt.asp?Id=4443
366	NPU56406	108628	Immunoglobulin E in Plasma 	arbitrary substance concentration	10Â³ international unit per litre	10Â³ international unit per liter	8923	kiU/L		
367	NPU22074	108307	Glucose in Plasma capillary Blood	substance concentration	millimole per litre	millimole per liter	8753	mmol/L		
368	NPU10876	107891	Cladosporium herbarum antibody in Plasma 	arbitrary substance concentration	10Â³ international unit per litre	10Â³ international unit per liter	8923	kiU/L		
369	NPU03928	107808	Ammonium in Plasma 	substance concentration	micromole per litre	micromole per liter	8749	umol/L		
370	NPU04114	107121	Clozapine in Plasma 	substance concentration	nanomole per litre	nanomole per liter	8736	nmol/L		
371	NPU01582	106433	Choriogonadotropin+beta-chain in Plasma 	arbitrary substance concentration	international unit per litre	international unit per liter	9254	/L		
372	NPU17877	106340	Wassermann antibody in Plasma 	arbitrary concentration		0	8525	{titer}		{titer} according to:https://labportal.rh.dk/Labkaoversigt.asp?Id=4443
373	NPU09357	104442	Estradiol in Plasma 	substance concentration	picomole per litre	picomole per liter	8729	pmol/L		
374	NPU12573	104082	Proteinase 3 antibody in Plasma 	arbitrary substance concentration	(procedure defined unit)	(procedure defined unit)	8810	10*3.[U]/L		https://labportal.rh.dk/Labkaoversigt.asp?Page=191
375	NPU18168	103840	Interleukin 2 receptor in Plasma 	arbitrary substance concentration	(procedure defined unit)	(procedure defined unit)	8810	10*3.[U]/L		https://www.analysefortegnelsen.dk/AnalyselisteZoom.asp?Type=&Lok=&ID=NPU18168
376	NPU19844	102638	M-component in Plasma 	mass concentration	gram per litre	gram per liter	8636	g/L		
377	NPU08958	100827	Benzodiazepines in Urine 	arbitrary concentration		0	8636	g/L	10*-6 *g/L	
378	NPU21856	100519	T-lymphocytes in Lymphocytes Blood	number ratio		0	8784	{cells}/uL		Number of cells per micro liter of blood: https://www.analysefortegnelsen.dk/AnalyselisteZoom.asp?Type=Praksis&Lok=&ID=NPU21856
379	NPU12036	100460	Myeloperoxidase antibody in Plasma 	arbitrary substance concentration	(procedure defined unit)	(procedure defined unit)	8763	[U]/mL		https://labportal.rh.dk/LabPortal.asp?Mode=View&Id=4385
380	NPU18848	100175	Levetiracetam in Plasma 	substance concentration	micromole per litre	micromole per liter	8749	umol/L		
381	NPU09226	100088	Prostate-specific antigen in Prostate-specific antigen Plasma	mass fraction		0	8523	{ratio}		{ratio} According to: https://lmv.regionsjaelland.dk/dokument.asp?DokID=237353
382	NPU01945	99704	Erythrocyte antigen in Erythrocytes Blood	category		0	8712	{ery}/uL	erythrocytes per microliter	{ery}/uL according to: https://cms.npu-terminology.org/wp-content/uploads/2023/10/Properties-and-Units-in-the-Clinical-Laboratory-Sciences.-Part-XIX.-Properties-and-Units-for-Transfusion-Medicine-and-Immunohematology-IUPAC-Technical-Report.pdf
383	NPU08558	99384	Glucose in Plasma 	substance concentration	millimole per litre	millimole per liter	8753	mmol/L		
384	NPU01785	99026	Corticotropin in Plasma 	substance concentration	picomole per litre	picomole per liter	8729	pmol/L		
385	NPU12521	98594	Base excess in Plasma venous Blood	substance concentration	millimole per litre	millimole per liter	8753	mmol/L		
386	NPU10162	98382	Haemoglobin in Blood cord Blood	substance concentration	millimole per litre	millimole per liter	8753	mmol/L		
387	NPU53974	98369	Amylase in Plasma 	catalytic-activity concentration	Unit per litre	Unit per liter	8645	[U]/L		
388	NPU22078	96670	Glucose in Plasma capillary Blood	substance concentration	millimole per litre	millimole per liter	8753	mmol/L		
389	NPU22088	96458	Glucose in Plasma capillary Blood	substance concentration	millimole per litre	millimole per liter	8753	mmol/L		
390	NPU08562	96377	Glucose in Plasma 	substance concentration	millimole per litre	millimole per liter	8753	mmol/L		
391	NPU08565	95969	Glucose in Plasma 	substance concentration	millimole per litre	millimole per liter	8753	mmol/L		
392	NPU10156	95625	Amenorrhea in Patient 	duration	Week(s)	week	8511	wk		
393	NPU02348	95470	Hepatitis B virus e antigen in Plasma 	arbitrary concentration		0	45884084	positive		presence by https://www.analysefortegnelsen.dk/AnalyselisteZoom.asp?Id=NPU02348
394	NPU03383	94747	Salicylate in Plasma 	substance concentration	millimole per litre	millimole per liter	8753	mmol/L		
395	NPU17676	94652	M-component in Urine 	arbitrary concentration		0	8636	g/L		g/L
396	NPU10814	94334	Alternaria alternata antibody in Plasma 	arbitrary substance concentration	10Â³ international unit per litre	10Â³ international unit per liter	8923	kiU/L		
397	NPU02347	93997	Hepatitis B virus e antibody in Plasma 	arbitrary concentration		0	45884084	positive		pos/neg by https://www.analysefortegnelsen.dk/AnalyselisteZoom.asp?Id=NPU02347
398	NPU19742	93284	Complement C4 in Plasma 	mass concentration	gram per litre	gram per liter	8636	g/L		
399	NPU21530	92916	Glucose in Plasma venous Blood	substance concentration	millimole per litre	millimole per liter	8753	mmol/L		
400	NPU19741	92520	Complement C3c in Plasma 	mass concentration	gram per litre	gram per liter	8636	g/L		
401	NPU10030	92094	Carbon dioxide in Plasma cord Blood	gas tension	kilopascal	kilopascal	44777602	kPa		
402	NPU12502	92019	Oxygen in Plasma cord Blood	gas tension	kilopascal	kilopascal	44777602	kPa		
403	NPU13078	91707	Dermatophagoides farinae antibody in Plasma 	arbitrary substance concentration	(procedure defined unit)	(procedure defined unit)	8810	10*3.[U]/L		kU/L by https://www.analysefortegnelsen.dk/AnalyselisteZoom.asp?Id=NPU13078
404	NPU10016	91575	Hydrogen ion in Plasma cord Blood	pH		0	8482	pH		pH of blood plasma 
405	NPU56027	91193	Human herpesvirus 4 related antibody in Plasma 	arbitrary concentration		0	45884084	positive		Positive or negative: https://lmv.regionsjaelland.dk/dokument.asp?DokID=316924
406	NPU08907	91113	Glucose in Plasma 	substance concentration	millimole per litre	millimole per liter	8753	mmol/L		
407	NPU14532	90772	Neutrophilocyte cytoplasma(perinuclear) antibody in Plasma 	arbitrary concentration		0	45884084	positive		answer is  0 (negativ), 1 (svag positiv), 2 (positiv) og 3 (stærk positiv) according to https://labportal.rh.dk/Labkaoversigt.asp?Id=4241
408	NPU28541	90279	Nuclear antigen antibody in Plasma 	arbitrary substance concentration	(procedure defined unit)	(procedure defined unit)	8810	10*3.[U]/L		by https://www.gentoftehospital.dk/afdelinger-og-klinikker/klinisk-biokemisk-afdeling/metodeblade/D/DNA%20topoisomerase1-IgG%20[Scl70]%20(Plasma).pdf
409	NPU14531	90160	Neutrophilocyte cytoplasma(diffuse) antibody in Plasma 	arbitrary concentration		0	45884084	positive		answer is  0 (negativ), 1 (svag positiv), 2 (positiv) og 3 (stærk positiv) according to https://labportal.rh.dk/Labkaoversigt.asp?Id=4241
410	NPU02322	90137	Haemoglobin in Plasma 	substance concentration	micromole per litre	micromole per liter	8749	umol/L		
411	NPU28335	90095	Proteinase 3 antibody in Plasma 	arbitrary substance concentration	10Â³ international unit per litre	10Â³ international unit per liter	8923	kiU/L		
412	NPU03229	89988	Potassium ion in Patient Urine	substance rate	millimole per day	millimole per day	8910	mmol/(24.h)		
413	NPU19857	87983	beta-2-Microglobulin in Plasma 	mass concentration	milligram per litre	milligram per liter	8751	mg/L		
414	NPU59144	87818	Severe acute respiratory syndrome coronavirus 2 antibody in Plasma 	arbitrary concentration		0	9260	[arb'U]	arb'U/10*3	https://www.sundhed.dk/sundhedsfaglig/laegehaandbogen/undersoegelser-og-proever/klinisk-biokemi/blodproever/antistoftest-sars-cov-2-ab-covid-19/
415	NPU19923	87240	Troponin I; cardiac muscle in Plasma 	mass concentration	microgram per litre	microgram per liter	8748	ug/L		
416	NPU02722	85814	Methadone in Urine 	arbitrary concentration		0	8763	[U]/mL		[U]/mL
417	NPU08960	85660	Amphetamine+analogue in Urine 	arbitrary concentration		0	8763	[U]/mL		[U]/mL according to: https://www.analysefortegnelsen.dk/AnalyselisteZoom.asp?Type=Andre&Lok=AUH&ID=NPU08960
418	NPU12552	85381	Antiglomerular basement membrane antibody in Plasma 	arbitrary substance concentration	(procedure defined unit)	(procedure defined unit)	8810	10*3.[U]/L		https://labportal.rh.dk/LabPortal.asp?Mode=View&Id=4380
419	NPU28334	85305	Myeloperoxidase antibody in Plasma 	arbitrary substance concentration	10Â³ international unit per litre	10Â³ international unit per liter	8923	kiU/L		
420	NPU08990	84253	Morphine+analogue in Urine 	arbitrary concentration		0	45884084	positive		pos/neg by https://www.afdelingz.dk/analyser/u_opiater_scr_010105.pdf
421	NPU21823	84157	T-lymphocytes in Blood 	number concentration	10<sup>9</sup> per litre	billion cells per liter	44777588	10*9.{cellls}/L		
422	NPU04613	83988	Haemoglobin F in Haemoglobin Fe, Blood	substance fraction		0	44777568	[U]/dL		[U]/dL
423	NPU28540	82663	Nuclear antigen antibody in Plasma 	arbitrary concentration		0	8525	{titer}		{titer}
424	NPU03946	82398	Mononucleosis reaction in Plasma 	arbitrary concentration		0	45884084	positive		positive/negative by https://synlabsedev.hci.fi/provtagningsanvisningar/Mononukleos-snabbtest-S-
425	NPU19916	81804	Thyroglobulin in Plasma 	mass concentration	microgram per litre	microgram per liter	8748	ug/L		
426	NPU19893	81657	Procollagen Type I N-Terminal Peptide in Plasma 	mass concentration	microgram per litre	microgram per liter	8748	ug/L		
427	NPU08902	81282	Glucose in Plasma 	substance concentration	millimole per litre	millimole per liter	8753	mmol/L		
428	NPU19926	81259	Tryptase in Plasma 	mass concentration	microgram per litre	microgram per liter	8748	ug/L		
429	NPU14379	81163	Blood in Patient 	volume	millilitre	milliliter	8587	mL		
430	NPU29394	81118	Urokinase plasminogen activator surface receptor in Plasma 	mass concentration	microgram per litre	microgram per liter	8748	ug/L		
431	NPU18020	80907	Zinc in Plasma fasting Patient	substance concentration	micromole per litre	micromole per liter	8749	umol/L		
432	NPU13075	80738	Cladosporium herbarum antibody in Plasma 	arbitrary substance concentration	(procedure defined unit)	(procedure defined unit)	8810	10*3.[U]/L		kU/L by https://www.bohlab.dk/index.php/npu13075
433	NPU03562	80548	Thrombocytes in Blood 	entitic volume	femtolitre	femtoliter	9444	10*9/L		
434	NPU21785	80424	T-lymphocytes in Lymphocytes Blood	number fraction		0	8763	[U]/mL		[U]/mL
435	NPU02616	79987	Lupus anticoagulant in Plasma 	arbitrary concentration		0	8645	[U]/L		[U]/L
436	NPU01393	79855	Haemoglobin in Faeces 	arbitrary content		0	8820	pg/dL	1×10−9g/dL	pg/dL to g/dL
437	NPU12085	79435	Human gammaherpesvirus 4 nuclear antibody in Plasma 	arbitrary concentration		0	8763	[U]/mL		[U]/mL
438	NPU17556	78164	Chromogranin A in Plasma 	substance concentration	picomole per litre	picomole per liter	8729	pmol/L		
439	NPU08564	77596	Glucose in Plasma 	substance concentration	millimole per litre	millimole per liter	8753	mmol/L		
440	NPU14568	76967	Dehydroepiandrosterone sulfate in Plasma 	substance concentration	nanomole per litre	nanomole per liter	8736	nmol/L		
441	NPU03412	76657	Semen in Patient 	volume	millilitre	milliliter	8587	mL		
442	NPU22124	75926	Glucose in Plasma capillary Blood	substance concentration	millimole per litre	millimole per liter	8753	mmol/L		
443	NPU02344	75808	Human hepatitis A virus antibody in Plasma 	arbitrary concentration		0	45884084	positive		pos/ neg by https://www.ssi.dk/produkter-og-ydelser/diagnostik/diagnostiskhaandbog/h/207
444	NPU08896	75592	Glucose in Plasma 	substance concentration	millimole per litre	millimole per liter	8753	mmol/L		
445	NPU19680	75569	Albumin in Patient Urine	mass rate	milligram per day	milligram per day	8807	g/(24.h)		
446	NPU04139	75087	Cortisol in Plasma 	substance concentration	nanomole per litre	nanomole per liter	8736	nmol/L		
447	NPU57165	74062	Triacylglycerol lipase in Plasma 	catalytic-activity concentration	Unit per litre	Unit per liter	8645	[U]/L		
448	NPU04140	74045	Cortisol in Plasma 	substance concentration	nanomole per litre	nanomole per liter	8736	nmol/L		
449	NPU02923	74035	Nortriptyline in Plasma 	substance concentration	nanomole per litre	nanomole per liter	8736	nmol/L		
450	NPU13013	73755	Alternaria alternata antibody in Plasma 	arbitrary substance concentration	(procedure defined unit)	(procedure defined unit)	8810	10*3.[U]/L		kU/L by https://www.analysefortegnelsen.dk/AnalyselisteZoom.asp?Id=NPU13013
451	NPU28838	73407	Nucleated cells in Cerebrospinal fluid 	number concentration	million per litre	million per liter	9442	10*6/L		
452	NPU08554	72850	Glucose in Plasma 	substance concentration	millimole per litre	millimole per liter	8753	mmol/L		
453	NPU28639	72842	Immunoglobulin G in Plasma 	mass concentration	gram per litre	gram per liter	8636	g/L		
454	NPU18893	72626	Testosterone/Sexual-hormone-binding-globulin in Plasma 	substance ratio		0	8523	{ratio}		Ratio according to https://labportal.rh.dk/labportal.asp?Mode=Display&Id=7126
455	NPU08557	72279	Glucose in Plasma 	substance concentration	millimole per litre	millimole per liter	8753	mmol/L		
456	NPU11123	71893	Penicilloyl V antibody in Plasma 	arbitrary substance concentration	10Â³ international unit per litre	10Â³ international unit per liter	8923	kiU/L		
457	NPU08550	71383	Glucose in Plasma 	substance concentration	millimole per litre	millimole per liter	8753	mmol/L		
458	NPU08899	70996	Glucose in Plasma 	substance concentration	millimole per litre	millimole per liter	8753	mmol/L		
459	NPU08560	70932	Glucose in Plasma 	substance concentration	millimole per litre	millimole per liter	8753	mmol/L		
460	DNK35251	70785	Liver disease severity; in pt	type of characteristic		0	8840	mg/dL		mg/dL according to:https://www.gentoftehospital.dk/afdelinger-og-klinikker/klinisk-biokemisk-afdeling/metodeblade/L/Leversygdom%20[MELD%20score]%20(Patient).pdf
461	NPU28944	70244	Lactate in Plasma cord Blood, venous Blood	substance concentration	millimole per litre	millimole per liter	8753	mmol/L		
462	NPU08903	69907	Glucose in Plasma 	substance concentration	millimole per litre	millimole per liter	8753	mmol/L		
463	NPU02424	69878	3-Hydroxybutyrate in Plasma 	substance concentration	millimole per litre	millimole per liter	8753	mmol/L		
464	NPU11122	69740	Penicilloyl G antibody in Plasma 	arbitrary substance concentration	10Â³ international unit per litre	10Â³ international unit per liter	8923	kiU/L		
465	NPU26796	69483	Thrombocytes in Thrombocytes Blood	number fraction		0	8523	{ratio}		{ratio} :https://www.analysefortegnelsen.dk/AnalyselisteZoom.asp?Type=&Lok=&ID=NPU26796
466	NPU14127	69281	Nucleus antibody in Plasma 	arbitrary substance concentration	(procedure defined unit)	(procedure defined unit)	44777561	[arb'U]/L		https://www.degruyter.com/document/doi/10.1351/pac200072050747/html?lang=en
467	NPU21567	68853	Follitropin in Plasma 	arbitrary substance concentration	international unit per litre	international unit per liter	9254	/L		
468	NPU03455	68852	Spermatozoa in Semen 	number concentration	10<sup>9</sup> per litre	billion cells per liter	44777588	10*9.{cellls}/L		
469	NPU28393	68782	Coagulation; tissue factor-induced in Plasma 	relative time		0	8523	{ratio}		{ratio}  https://lmv.regionsjaelland.dk/KB/dokument.asp?DokID=584164
470	NPU11037	68511	Cow's milk antibody in Plasma 	arbitrary substance concentration	10Â³ international unit per litre	10Â³ international unit per liter	8923	kiU/L		
471	NPU08913	67954	Glucose in Plasma 	substance concentration	millimole per litre	millimole per liter	8753	mmol/L		
472	NPU08994	67791	Benzoylecgonine in Urine 	arbitrary concentration		0	9625	pg/L	1 µg/L = 1,000,000 pg/L	
473	NPU12691	67589	Human immunodeficiency virus 1+2 antibody in Plasma 	arbitrary concentration		0	8525	{titer}		{titer}
474	NPU23745	67310	Cystatin C in Plasma 	mass concentration	milligram per litre	milligram per liter	8751	mg/L		
475	NPU12534	66974	Prostate-specific antigen in Plasma 	mass concentration	microgram per litre	microgram per liter	8748	ug/L		
476	NPU08906	66599	Glucose in Plasma 	substance concentration	millimole per litre	millimole per liter	8753	mmol/L		
477	NPU28718	66473	Pancreatic elastase I in Faeces 	mass fraction	10<sup>-6</sup>	10<sup>-6</sup>	9653	10*-6.eq		
478	NPU01683	66306	Coagulation; thrombin-induced in Plasma 	time	second	second	8555	s		
479	NPU12020	66034	Cardiolipin antibody in Plasma 	arbitrary substance concentration	(procedure defined unit)	(procedure defined unit)	8923	kiU/L		kiU/L by https://www.bohlab.dk/gamma/index.php/npu12020
480	NPU27342	65507	Follitropin in Plasma 	arbitrary substance concentration	international unit per litre	international unit per liter	9254	/L		
481	NPU19820	65256	Immunoglobulin G4 in Plasma 	mass concentration	gram per litre	gram per liter	8636	g/L		
482	DNK35262	64874	Hepatitis virus+Human immunodeficiency virus 1+2; in plasma	arbitrary concentration 		0	8985	[iU]/mL		[iU]/mL according to: https://www.bohlab.dk/mikrobiologi-paa-boh?mikroboh=mikrobiologipaaboh&start=1200
483	NPU08567	64823	Glucose in Plasma 	substance concentration	millimole per litre	millimole per liter	8753	mmol/L		
484	NPU12182	64035	Hepatitis B virus c antibody in Plasma 	arbitrary concentration		0	8763	[U]/mL		[U]/mL
485	NPU28943	63691	Lactate in Plasma cord Blood, arterial Blood	substance concentration	millimole per litre	millimole per liter	8753	mmol/L		
486	NPU17155	63679	Oxygen in Plasma cord Blood, arterial Blood	gas tension	kilopascal	kilopascal	44777602	kPa		
487	NPU18600	63240	Thyroglobulin antibody in Plasma 	arbitrary substance concentration	10Â³ international unit per litre	10Â³ international unit per liter	8923	kiU/L		
488	NPU22115	62936	Glucose in Plasma capillary Blood	substance concentration	millimole per litre	millimole per liter	8753	mmol/L		
489	NPU58634	62812	Liver fibrosis in Patient 	kind-of-property		0	44777566	[score]		FIB-4 score by https://www.analysefortegnelsen.dk/analyselistezoom.asp?Type=&Lok=AUH&ID=NPU58634
490	NPU01341	61609	Bacterium; nitrite producing in Urine 	number concentration	10<sup>9</sup> per litre	billion cells per liter	44777588	10*9.{cellls}/L		
491	NPU26775	61542	Human hepatitis A virus antibody in Plasma 	arbitrary concentration		0	8985	[iU]/mL		[iU]/mL
492	NPU21579	61369	Prostate-specific antigen in Plasma 	mass concentration	microgram per litre	microgram per liter	8748	ug/L		
493	NPU10607	61116	Bile Acids and Salts in Plasma fasting Patient	substance concentration	micromole per litre	micromole per liter	8749	umol/L		
494	NPU21790	60737	T-lymphocytes in  		10<sup>-2</sup>	10<sup>-2</sup>	8632	%{tot}		
495	NPU26878	60180	Hydrogen ion in Plasma Foetus, capillary Blood	pH		0	8482	pH		https://labportal.rh.dk/Labkaoversigt.asp?Id=440
496	NPU29745	60158	HLA-B gene in DNA specification	arbitrary entitic number		0	45884084	positive		
497	NPU01681	59864	Coagulation; surface-induced in Plasma 	relative time		0	8555	s		
498	NPU08895	59649	Glucose in Plasma 	substance concentration	millimole per litre	millimole per liter	8753	mmol/L		
499	NPU04160	59063	Calcium in Urine 	substance concentration	millimole per litre	millimole per liter	8753	mmol/L		
500	NPU19811	58833	Immunoglobulin G/Albumin in Cerebrospinal fluid 	relative mass ratio		0	8523	{ratio}		{ratio} :https://www.hvidovrehospital.dk/afdelinger-og-klinikker/klinisk-biokemiske-afdeling/sundhedsfaglige/laboratoriehaandbog/Documents/Laboratorieh%C3%A5ndbog%20-%20dokumenter/I/Immunglobin%20G-Albumin;Csv%20P.pdf
501	NPU21828	58714	T-lymphocytes in  			0	8645	[U]/L		[U]/L
502	NPU12021	58703	Cardiolipin antibody in Plasma 	arbitrary substance concentration	(procedure defined unit)	(procedure defined unit)	44777561	[arb'U]/L		https://www.analysefortegnelsen.dk/analyselistezoom.asp?Type=Praksis&Lok=AUH&ID=NPU12021
503	NPU19779	58640	Gentamicin in Plasma 	mass concentration	milligram per litre	milligram per liter	8751	mg/L		
504	NPU19817	58615	Immunoglobulin G1 in Plasma 	mass concentration	gram per litre	gram per liter	8636	g/L		https://athena.ohdsi.org/search-terms/terms/8636
505	NPU03454	58455	Spermatozoa in Semen 	number of entities	million	million	8549	10*6		
506	NPU19818	58376	Immunoglobulin G2 in Plasma 	mass concentration	gram per litre	gram per liter	8636	g/L		
507	NPU19819	58367	Immunoglobulin G3 in Plasma 	mass concentration	gram per litre	gram per liter	8636	g/L		
508	NPU08559	58266	Glucose in Plasma 	substance concentration	millimole per litre	millimole per liter	8753	mmol/L		
509	NPU16397	57760	Beta-2-glycoprotein 1 antibody in Plasma 	arbitrary substance concentration	(procedure defined unit)	(procedure defined unit)	44777561	[arb'U]/L	multiply by 1000 (in k-arbU and should be in arb-U)	in k-arbU/L by https://www.analysefortegnelsen.dk/AnalyselisteZoom.asp?Id=NPU16397
510	NPU22125	57662	Glucose in Plasma capillary Blood	substance concentration	millimole per litre	millimole per liter	8753	mmol/L		
511	NPU16398	57622	Beta-2-glycoprotein 1 antibody in Plasma 	arbitrary substance concentration	(procedure defined unit)	(procedure defined unit)	44777561	[arb'U]/L	multiply by 1000 (in k-arbU and should be in arb-U)	k-arb.U per liter by https://www.analysefortegnelsen.dk/AnalyselisteZoom.asp?Id=NPU16398
512	NPU01135	57448	Aldosterone in Plasma 	substance concentration	picomole per litre	picomole per liter	8729	pmol/L		
513	NPU12223	57437	Parvovirus B-19 antibody in Plasma 	arbitrary concentration		0	8645	[U]/L		[U]/L
514	NPU03411	57181	Ejaculatory abstinence in Patient 	duration	day	day	8512	d		
515	NPU58158	57061	Mold fungus antibody in Plasma 	arbitrary substance concentration	(procedure defined unit)	(procedure defined unit)	8810	10*3.[U]/L		https://www.analysefortegnelsen.dk/AnalyselisteZoom.asp?Id=NPU58158
516	NPU10996	56933	Egg white antibody in Plasma 	arbitrary substance concentration	10Â³ international unit per litre	10Â³ international unit per liter	8923	kiU/L		
517	NPU04927	56751	3;4-Methylenedioxyamphetamine in Urine 	arbitrary concentration		0	9625	pg/L	1 µg/L = 1,000,000 pg/L	pg/L
518	NPU28911	56690	Cardiolipin antibody in Plasma 	arbitrary substance concentration	10Â³ international unit per litre	10Â³ international unit per liter	8923	kiU/L		
519	NPU04549	56556	Tramadol in Urine 	arbitrary concentration		0	9625	pg/L	1 µg/L = 1,000,000 pg/L	pg/L according to: https://www.analysefortegnelsen.dk/AnalyselisteZoom.asp?Type=&Lok=&ID=NPU04549
520	NPU17156	55942	Oxygen in Plasma cord Blood, venous Blood	gas tension	kilopascal	kilopascal	44777602	kPa		
521	NPU22086	55550	Glucose in Plasma capillary Blood	substance concentration	millimole per litre	millimole per liter	8753	mmol/L		
522	NPU19578	55386	3-Methoxynoradrenalinium in Plasma 	substance concentration	nanomole per litre	nanomole per liter	8736	nmol/L		
523	NPU14137	55366	Cytomegalovirus antibody in Plasma 	arbitrary concentration		0	9260	[arb'U]		For the Cytomegalovirus IgG antibody test (Labka code: CMVIGGSC, IFCC-IUPAC code: NPU14137), the unit of measurement typically used is arbitrary units (arb. k.). These arbitrary units provide a comparative measure rather than an absolute one and are determined based on specific assay calibration standards used in individual laboratories.: https://labportal.rh.dk/Labkaoversigt.asp?Id=692
524	NPU19577	55196	3-Methoxyadrenalinium in Plasma 	substance concentration	nanomole per litre	nanomole per liter	8736	nmol/L		
525	NPU22072	54777	Glucose in Plasma capillary Blood	substance concentration	millimole per litre	millimole per liter	8753	mmol/L		
526	NPU19917	54762	Thyroxine binding globulin in Plasma 	mass concentration	milligram per litre	milligram per liter	8751	mg/L		
527	NPU19766	54755	Alpha-fetoprotein in Plasma 	mass concentration	microgram per litre	microgram per liter	8748	ug/L		
528	45956701	54466	Glutamate decarboxylase 2 antibody in Plasma 	arbitrary substance concentration	10Â³ international unit per litre	10Â³ international unit per liter	8923	kiU/L		
